Rank,Website
1,Google.com
2,YouTube.com
3,baidu.com
4,bilibili.com
5,Facebook.com
6,qq.com
7,Twitter.com
8,zhihu.com
9,wikipedia.org
10,Amazon.com
11,instagram.com
12,linkedin.com
13,ReddIt.com
14,WhatsApp.com
15,OpenAi.com
16,Yahoo.com
17,Bing.com
18,taobao.com
19,163.com
20,yandex.ru
21,xvideos.com
22,Live.com
23,PornHub.com
24,MicroSoft.com
25,vk.com
26,Zoom.us
27,GitHub.com
28,jd.com
29,WeIbo.com
30,Google.com.hk
31,tiktok.com
32,canva.com
33,csdn.net
34,Fandom.com
35,Office.com
36,t.co
37,naver.com
38,Apple.com
39,Sina.com.cn
40,aliexpress.com
41,MicroSoftOnline.com
42,Yahoo.co.jp
43,xhamster.com
44,PayPal.com
45,iqiyi.com
46,SpankBang.com
47,PinteRest.com
48,Mail.ru
49,ebay.com
50,douban.com
51,msn.com
52,imdb.com
53,Amazon.in
54,NetFlix.com
55,Adobe.com
56,Telegram.org
57,dzen.ru
58,quora.com
59,StackOverflow.com
60,sohu.com
61,spotify.com
62,aliyun.com
63,xnxx.com
64,1688.com
65,myshopify.com
66,tmall.com
67,Indeed.com
68,deepl.com
69,twimg.com
70,pixiv.net
71,feishu.cn
72,DuckDuckGo.com
73,Amazon.co.jp
74,Google.co.in
75,msn.cn
76,TenCent.com
77,freepik.com
78,etsy.com
79,Amazon.co.uk
80,Booking.com
81,imgur.com
82,jianshu.com
83,ilovepdf.com
84,Twitch.tv
85,AtlasSian.net
86,Force.com
87,DropBox.com
88,Office365.com
89,alipay.com
90,Discord.com
91,namu.wiki
92,t.me
93,WordPress.com
94,nih.gov
95,TradingView.com
96,avito.ru
97,3dmgame.com
98,xiaohongshu.com
99,instructure.com
100,OnlyFans.com
101,amazonaws.com
102,FlipKart.com
103,hao123.com
104,alibaba.com
105,hupu.com
106,cnki.net
107,MediaFire.com
108,TisTory.com
109,figma.com
110,smzdm.com
111,DoubleClick.net
112,youdao.com
113,52pojie.cn
114,sogou.com
115,chaturbate.com
116,Ok.ru
117,realsrv.com
118,EastMoney.com
119,trello.com
120,Google.de
121,Slack.com
122,nytimes.com
123,fiverr.com
124,tumblr.com
125,Notion.so
126,shopify.com
127,toutiao.com
128,bbc.com
129,okta.com
130,DigiKala.com
131,w3schools.com
132,Medium.com
133,So.com
134,Google.co.jp
135,douyin.com
136,fc2.com
137,cnn.com
138,Google.co.uk
139,Weather.com
140,udemy.com
141,gitee.com
142,missav.com
143,AutoHome.com.cn
144,Amazon.it
145,QuizLet.com
146,Archive.org
147,Intuit.com
148,SpeedTest.net
149,Mega.nz
150,ResearchGate.net
151,ozon.ru
152,youku.com
153,WeTransfer.com
154,vimeo.com
155,Chase.com
156,RakuTen.co.jp
157,BinAnce.com
158,walmart.com
159,cnblogs.com
160,ScienceDirect.com
161,115.com
162,HiTomi.la
163,BeHance.net
164,GramMarly.com
165,eporner.com
166,51cto.com
167,linktr.ee
168,Upwork.com
169,fmkorea.com
170,GamerSky.com
171,ali213.net
172,GoogleVideo.com
173,gstatic.com
174,SalesForce.com
175,dmm.co.jp
176,espn.com
177,ShutterStock.com
178,ZenDesk.com
179,GoDaddy.com
180,ixigua.com
181,zxx.edu.cn
182,SaveFrom.net
183,mozilla.org
184,zillow.com
185,Amazon.ca
186,yandex.com
187,Amazon.fr
188,DeviantArt.com
189,e-hentai.org
190,IndiaTimes.com
191,HubSpot.com
192,Stripe.com
193,QuillBot.com
194,uol.com.br
195,douyu.com
196,DailyMail.co.uk
197,Google.com.tw
198,Amazon.es
199,CloudFront.net
200,Google.ru
201,runoob.com
202,pexels.com
203,ByteDance.net
204,yuque.com
205,ifeng.com
206,LiveJasmin.com
207,WildBerries.ru
208,nhentai.net
209,zoho.com
210,samsung.com
211,TheGuardian.com
212,Remove.bg
213,Amazon.de
214,yts.mx
215,BankOfAmerica.com
216,daum.net
217,GreasyFork.org
218,sxyprn.com
219,CoinMarketCap.com
220,CloudFlare.com
221,EastDay.com
222,y2mate.com
223,Apple.com.cn
224,yiyouliao.com
225,zhipin.com
226,Investing.com
227,LiveDoor.jp
228,Oracle.com
229,gosuslugi.ru
230,shein.com
231,Blogger.com
232,pixabay.com
233,qidian.com
234,roblox.com
235,Chess.com
236,envato.com
237,pinimg.com
238,Line.me
239,NoodleMagazine.com
240,360.cn
241,Google.ca
242,shopee.tw
243,tianyancha.com
244,zerodha.com
245,nicovideo.jp
246,ShapArak.ir
247,coupang.com
248,nvidia.com
249,zoro.to
250,MyWorkday.com
251,AparAt.com
252,animeflv.net
253,alibaba-inc.com
254,Google.com.mx
255,ya.ru
256,bbc.co.uk
257,MercAdoLibre.com.ar
258,CrunchyRoll.com
259,CoursEra.org
260,unsplash.com
261,v2ex.com
262,jable.tv
263,Amazon.com.mx
264,jb51.net
265,SoundCloud.com
266,huaban.com
267,scribd.com
268,craigslist.org
269,xxxxx520.com
270,zol.com.cn
271,SteamPowered.com
272,hdfcbank.com
273,pconline.com.cn
274,1337x.to
275,ManaToki215.net
276,9Gag.com
277,Google.co.kr
278,Asana.com
279,www.gov.uk
280,360.com
281,Dell.com
282,HotStar.com
283,nga.cn
284,wikimedia.org
285,CupFox.app
286,WellsFargo.com
287,Quark.cn
288,GoogLeadServices.com
289,SimilarWeb.com
290,xueqiu.com
291,Blog.jp
292,chegg.com
293,MyAnimeList.net
294,varzesh3.com
295,DailyMotion.com
296,wix.com
297,FoxNews.com
298,xhamsterlive.com
299,lenovo.com.cn
300,patreon.com
301,Reverso.net
302,China.com
303,DingTalk.com
304,Book118.com
305,kakao.com
306,MyWorkdayJobs.com
307,huawei.com
308,GeeksForGeeks.org
309,Ups.com
310,StripChat.com
311,Cambridge.org
312,docin.com
313,mi.com
314,nexon.com
315,xhamster18.desi
316,Forbes.com
317,hp.com
318,Usps.com
319,WordPress.org
320,Bet365.com
321,GogoAnime.bid
322,kdocs.cn
323,GitLab.com
324,HealthLine.com
325,Google.co.th
326,IsTockPhoto.com
327,zhibo8.cc
328,ToRob.com
329,Wiley.com
330,divar.ir
331,ArtStation.com
332,qcc.com
333,Cctv.com
334,WowHead.com
335,360Doc.com
336,lanzoug.com
337,GooDreads.com
338,chinaz.com
339,ea.com
340,OracleCloud.com
341,YouPorn.com
342,PrimeVideo.com
343,GoFile.io
344,Fast.com
345,biligame.com
346,ShaggySelectMast.com
347,Google.com.tr
348,Office.net
349,dcinside.com
350,AmericanExpress.com
351,Springer.com
352,AsUs.com
353,CapitaLone.com
354,HomeDepot.com
355,SahibInden.com
356,thisvid.com
357,erome.com
358,MangaRaw.to
359,supjav.com
360,Service-Now.com
361,Genius.com
362,npmjs.com
363,Sina.cn
364,adp.com
365,NudgeWorry.com
366,dribbble.com
367,SourceForge.net
368,SolemnVine.com
369,HostInger.com
370,marca.com
371,dlsite.com
372,SweepFrequencyDissolved.com
373,Pearson.com
374,MyDrivers.com
375,onlinesbi.sbi
376,JetBrains.com
377,smartedu.cn
378,chsi.com.cn
379,javdb.com
380,Globo.com
381,powerbi.com
382,MercAdoLibre.com.mx
383,dongchedi.com
384,Google.cn
385,Gamer.com.tw
386,ThemeForest.net
387,FeignThat.com
388,aliyuncs.com
389,taboola.com
390,ChapMangaNato.com
391,softonic.com
392,ThePaper.cn
393,oschina.net
394,ThePornDude.com
395,wikihow.com
396,aliexpress.ru
397,trendyol.com
398,EquityDefault.com
399,lanhuapp.com
400,Skype.com
401,naukri.com
402,Google.fr
403,Messenger.com
404,Yelp.com
405,gd.gov.cn
406,Docker.com
407,9animetv.to
408,tokopedia.com
409,ExcreteKings.com
410,xiaomi.com
411,icicibank.com
412,ign.com
413,Wise.com
414,mheducation.com
415,4Chan.org
416,chaoxing.com
417,DiscordApp.com
418,arxiv.org
419,for-j.com
420,NavelJutMistress.com
421,dytt8.net
422,Academia.edu
423,convertio.co
424,ZippyShare.com
425,GumRoad.com
426,178.com
427,Fidelity.com
428,StackExchange.com
429,aliexpress.us
430,kinopoisk.ru
431,AmpProject.org
432,ArchiveOfOurOwn.org
433,Redd.it
434,Fedex.com
435,t66y.com
436,zoukankan.com
437,shopee.co.id
438,BitBucket.org
439,BestBuy.com
440,AtlasSian.com
441,payoneer.com
442,TripAdvisor.com
443,bendibao.com
444,smallpdf.com
445,accuweather.com
446,Hulu.com
447,turkiye.gov.tr
448,wps.cn
449,ctfile.com
450,RedTube.com
451,acfun.cn
452,Target.com
453,SteamCommunity.com
454,Python.org
455,amap.com
456,TragicBeyond.com
457,bdimg.com
458,ibm.com
459,shopee.co.th
460,Nike.com
461,hbomax.com
462,irs.gov
463,Google.com.sa
464,tnaflix.com
465,66Law.cn
466,cdninstagram.com
467,ixxx.com
468,ouo.io
469,DoComo.ne.jp
470,GameWith.jp
471,HepSibuRada.com
472,Miro.com
473,shopee.com.my
474,tktube.com
475,bitly.com
476,LeetCode.cn
477,btnull.org
478,MidJourney.com
479,Box.com
480,MailChimp.com
481,TrustPilot.com
482,4399.com
483,DigitalOcean.com
484,Nextdoor.com
485,Intel.com
486,mercari.com
487,icloud.com
488,Google.com.br
489,zcool.com.cn
490,Rule34.xxx
491,FitGirl-Repacks.site
492,woa.com
493,kuaishou.com
494,Merriam-Webster.com
495,alicdn.com
496,lenovo.com
497,Arca.live
498,Itch.io
499,seznam.cz
500,calendly.com
501,wnacg.org
502,mit.edu
503,huaweicloud.com
504,WeIbo.cn
505,b2clogin.com
506,TokyoMotion.net
507,ChinaTax.gov.cn
508,CodePen.io
509,CricBuzz.com
510,porntrex.com
511,rutracker.org
512,NameCheap.com
513,Proton.me
514,Europa.eu
515,eksisozluk.com
516,crjpgate.com
517,FreeOk.vip
518,investopedia.com
519,tapd.cn
520,Harvard.edu
521,lanzoui.com
522,shimo.im
523,wiktionary.org
524,xbox.com
525,423Down.com
526,GameSpot.com
527,Soap2Day.to
528,SlideShare.net
529,ptt.cc
530,webpkgcache.com
531,onet.pl
532,cnbc.com
533,wp.pl
534,gsmarena.com
535,fapello.com
536,ddys.art
537,Google.com.au
538,jinritemai.com
539,futbin.com
540,ca.gov
541,FlatIcon.com
542,zhaopin.com
543,shopee.vn
544,bbsmax.com
545,drctcldfa.com
546,Motherless.com
547,xunlei.com
548,2345.com
549,mcmod.cn
550,agemys.net
551,State.gov
552,Apache.org
553,HuggingFace.co
554,wsj.com
555,mdpi.com
556,boyfriendtv.com
557,DuoLingo.com
558,txxx.com
559,ItHome.com
560,Thesaurus.com
561,olevod.com
562,WayFair.com
563,donmai.us
564,agoda.com
565,Google.com.eg
566,Monday.com
567,Brave.com
568,asurascans.com
569,mnw.cn
570,espncricinfo.com
571,infobae.com
572,poki.com
573,11467.com
574,Canada.ca
575,syosetu.com
576,qualtrics.com
577,WashingtonPost.com
578,SquareSpace.com
579,bunkr.ru
580,vnexpress.net
581,FreeCodeCamp.org
582,ebay.co.uk
583,As.com
584,PlayStation.com
585,Amazon.cn
586,360kuai.com
587,lazada.co.th
588,Rumble.com
589,hanime1.me
590,MoneyControl.com
591,Nature.com
592,5ch.net
593,Britannica.com
594,Notion.site
595,Forms.gle
596,noonoo26.tv
597,OpenSea.io
598,51Job.com
599,ameblo.jp
600,dood.yt
601,EverNote.com
602,MayoClinic.org
603,ctrip.com
604,HotMart.com
605,Azure.com
606,airbnb.com
607,CloudConvert.com
608,ilive.cn
609,wikiwiki.jp
610,Amazon.com.au
611,RottenTomatoes.com
612,123Pan.com
613,Reuters.com
614,thingiverse.com
615,Pornpics.com
616,semrush.com
617,ikea.com
618,GlassDoor.com
619,AnahitaGirted.uno
620,gismeteo.ru
621,Loom.com
622,hqporner.com
623,AutoDesk.com
624,zxxk.com
625,zaobao.com
626,udn.com
627,Ieee.org
628,6080dy2.com
629,rt.com
630,weiyun.com
631,AirTable.com
632,cengage.com
633,lenta.ru
634,TypeForm.com
635,DisneyPlus.com
636,xuexi.cn
637,ria.ru
638,DuoSecurity.com
639,TamperMonkey.net
640,hh.ru
641,rezka.ag
642,eroterest.net
643,RakuTen.com
644,1fichier.com
645,upornia.com
646,gmw.cn
647,juejin.cn
648,smdyy.cc
649,9Anime.to
650,redgifs.com
651,pornzog.com
652,WattPad.com
653,SubStack.com
654,hao6v.cc
655,hdmoli.com
656,ClickUp.com
657,Redfin.com
658,sz.gov.cn
659,18Comic.vip
660,Unity.com
661,ahhhhfs.com
662,WindowsAzure.com
663,BusinessInsider.com
664,pdfdrive.com
665,SegmentFault.com
666,att.com
667,irctc.co.in
668,9Game.cn
669,Rule34Video.com
670,DoorBlog.jp
671,UpToDown.com
672,docusign.com
673,YourBestJournal.com
674,BloomBerg.com
675,anjuke.com
676,miyoushe.com
677,NetEase.com
678,UpToBox.com
679,auth0.com
680,citi.com
681,nypost.com
682,Superuser.com
683,dafont.com
684,EpicGames.com
685,costco.com
686,yoojia.com
687,xfantazy.com
688,Goo.ne.jp
689,DogDrip.net
690,xero.com
691,vidhub.top
692,ylwt33.com
693,IndiaMart.com
694,bilibili.tv
695,SnapChat.com
696,lectortmo.com
697,SmallSeoTools.com
698,pchome.com.tw
699,OnDemand.com
700,ProCesson.com
701,Realtor.com
702,mgtv.com
703,atwiki.jp
704,rubika.ir
705,SpeedTest.cn
706,NewToki215.com
707,Court.gov.cn
708,YouJizz.com
709,WordReference.com
710,JustWatch.com
711,anxia.com
712,byjus.com
713,InternetDownloadManager.com
714,ChipHell.com
715,Fang.com
716,jav.guru
717,gitee.io
718,interia.pl
719,ezgif.com
720,ebay.com.au
721,Google.com.ar
722,javatpoint.com
723,AntFin.com
724,zapier.com
725,weebly.com
726,LiePin.com
727,189.cn
728,sberbank.ru
729,GetBootstrap.com
730,iwara.tv
731,iloveimg.com
732,gmarket.co.kr
733,zztongyun.com
734,pixhost.to
735,ebay-kleinanzeigen.de
736,subhd.tv
737,MakeUseOf.com
738,Patria.org.ve
739,mos.ru
740,ytimg.com
741,Amazon.ae
742,dhl.com
743,ximalaya.com
744,apa.az
745,GoogleSyndication.com
746,vecteezy.com
747,Bale.ai
748,FrontierSin.org
749,OnlineDown.net
750,BaseCamp.com
751,meesho.com
752,Mat6Tube.com
753,nalog.ru
754,docusign.net
755,feimaoyun.com
756,expedia.com
757,CityHeaven.net
758,javmix.tv
759,SimpCity.su
760,vuejs.org
761,flickr.com
762,shuzhiduo.com
763,kakaku.com
764,ke.com
765,oxu.az
766,Teachable.com
767,youzan.com
768,ZoomInfo.com
769,ghxi.com
770,issuu.com
771,Lowes.com
772,tvmao.com
773,SurveyMonkey.com
774,SlickDeals.net
775,javhdporn.net
776,bdys01.com
777,huatu.com
778,LiveJournal.com
779,Doc88.com
780,Google.co.id
781,hm.com
782,xiaoman.cn
783,tsinghua.edu.cn
784,Google.es
785,coonandeg.xyz
786,fmovies.to
787,CamWhores.tv
788,emofid.com
789,faphouse.com
790,mangadex.org
791,Amazon.sa
792,126.com
793,xlivrdr.com
794,SocialMediaGirls.com
795,ImageTwist.com
796,Windows.net
797,www.gov.cn
798,maigoo.com
799,58.com
800,pngtree.com
801,Beijing.gov.cn
802,JotForm.com
803,dmm.com
804,Blackboard.com
805,made-in-china.com
806,GameRant.com
807,lanzoux.com
808,o8tv.com
809,askubuntu.com
810,SheetVibe.com
811,pixnet.net
812,BandCamp.com
813,guancha.cn
814,DreamStime.com
815,18183.com
816,hsforms.com
817,StreamTape.com
818,CreditKarma.com
819,Spiegel.de
820,OneLogin.com
821,PornOne.com
822,shaheed4u.work
823,dns-shop.ru
824,elpais.com
825,pypi.org
826,drctcldfafwr.com
827,WonderShare.com
828,Google.com.vn
829,PinDuoDuo.com
830,Consultant.ru
831,BankMellAt.ir
832,ExperimentalConcerningSuck.com
833,wp.com
834,10086.cn
835,t-online.de
836,sspai.com
837,11st.co.kr
838,tandfonline.com
839,liquipedia.net
840,payu.in
841,LeetCode.com
842,ForexFactory.com
843,Note.com
844,ikco.ir
845,meijutt.tv
846,BillDesk.com
847,Rambler.ru
848,Flash.cn
849,HateNabLog.com
850,feedly.com
851,UsaToday.com
852,sinaimg.cn
853,yangkeduo.com
854,MangaNato.com
855,idnes.cz
856,AdobeLogin.com
857,Game8.jp
858,pikabu.ru
859,TimeAndDate.com
860,vmware.com
861,CoinGecko.com
862,17Track.net
863,PrototypeWailRubber.com
864,sap.com
865,optnx.com
866,CodeCanyon.net
867,JustDial.com
868,criteo.com
869,ebay.de
870,Goo.gl
871,bongacams.com
872,avgle.com
873,List-Manage.com
874,Freelancer.com
875,Google.it
876,td.com
877,oup.com
878,MineCraft.net
879,emojipedia.org
880,Sat.gob.mx
881,Online-Convert.com
882,LiveDoor.com
883,rediff.com
884,ahrefs.com
885,SketchFab.com
886,Discover.com
887,asos.com
888,lichess.org
889,xfinity.com
890,osiextantly.com
891,fantuanhd.com
892,fuliba2023.net
893,lazada.com.ph
894,klaviyo.com
895,huijiwiki.com
896,RedBubble.com
897,moegirl.org.cn
898,kahoot.it
899,WallHaven.cc
900,MomoShop.com.tw
901,colamanhua.com
902,Trip.com
903,pdffiller.com
904,Battle.net
905,CoinBase.com
906,VisualStudio.com
907,Allegro.pl
908,Sex.com
909,ccschy.com
910,wjx.cn
911,EditorialManager.com
912,erothots.co
913,FanBox.cc
914,youtu.be
915,ToGetter.com
916,ByTed.org
917,webmd.com
918,4Channel.org
919,oaxyteek.net
920,Google.az
921,detik.com
922,hifini.com
923,NexusMods.com
924,eitaa.com
925,ettoday.net
926,KhanAcademy.org
927,BuzzFeed.com
928,ustc.edu.cn
929,DoorDash.com
930,TutorialsPoint.com
931,RightMove.co.uk
932,iau.ir
933,ActiveHosted.com
934,modao.cc
935,drom.ru
936,ecosia.org
937,aol.com
938,bild.de
939,ConcurSolutions.com
940,igram.io
941,lanzouw.com
942,taleo.net
943,Amazon.eg
944,zsxq.com
945,studocu.com
946,habr.com
947,ByteDance.com
948,novinky.cz
949,cnet.com
950,roudoduor.com
951,huya.com
952,LeagueOfLegends.com
953,amd.com
954,ScreenRant.com
955,xiaoheimi.net
956,pixlr.com
957,TeachersPayTeachers.com
958,themoviedb.org
959,Report.az
960,bmi.ir
961,tamin.ir
962,czzy01.com
963,AcesSo.gov.br
964,dw.com
965,hanime.tv
966,EventBrite.com
967,likecs.com
968,shopee.ph
969,Library.lol
970,aznude.com
971,Fazenda.gov.br
972,Google.com.ua
973,xiumi.us
974,TeamBitIon.com
975,akamaized.net
976,Calculator.net
977,Booth.pm
978,TheGamer.com
979,jjwxc.net
980,Dev.to
981,iknight.lol
982,nfl.com
983,Uber.com
984,nba.com
985,IconFont.cn
986,yadongtube.net
987,veed.io
988,ibb.co
989,Lever.co
990,sdo.com
991,kooora.com
992,e621.net
993,HostInger.in
994,tsetmc.com
995,RazorPay.com
996,FlashScore.com
997,linkvertise.com
998,BrightSpace.com
999,MakeMyTrip.com
1000,CourseHero.com