Rank,Domain
1,google.com
2,www.google.com
3,microsoft.com
4,data.microsoft.com
5,events.data.microsoft.com
6,netflix.com
7,windowsupdate.com
8,ctldl.windowsupdate.com
9,live.com
10,apple.com
11,cloud.netflix.com
12,prod.cloud.netflix.com
13,ftl.netflix.com
14,safebrowsing.googleapis.com
15,prod.ftl.netflix.com
16,nrdp.prod.cloud.netflix.com
17,microsoftonline.com
18,login.microsoftonline.com
19,office.com
20,doubleclick.net
21,clientservices.googleapis.com
22,amazonaws.com
23,g.doubleclick.net
24,bing.com
25,update.googleapis.com
26,digicert.com
27,facebook.com
28,googleusercontent.com
29,settings-win.data.microsoft.com
30,nrdp-ipv6.prod.ftl.netflix.com
31,self.events.data.microsoft.com
32,mp.microsoft.com
33,icloud.com
34,netflix.net
35,partner.netflix.net
36,prod.partner.netflix.net
37,preapp.prod.partner.netflix.net
38,www.googleapis.com
39,officeapps.live.com
40,prod.netflix.com
41,push.prod.netflix.com
42,ocsp.digicert.com
43,accounts.google.com
44,google-analytics.com
45,com.akadns.net
46,office365.com
47,itunes.apple.com
48,apple-dns.net
49,ls.apple.com
50,outlook.office365.com
51,skype.com
52,googleads.g.doubleclick.net
53,office.net
54,play.google.com
55,fe.apple-dns.net
56,www.google-analytics.com
57,v10.events.data.microsoft.com
58,teams.microsoft.com
59,aaplimg.com
60,edge.microsoft.com
61,fonts.googleapis.com
62,gateway.fe.apple-dns.net
63,youtube.com
64,gateway.icloud.com
65,mtalk.google.com
66,lencr.org
67,googletagmanager.com
68,www.googletagmanager.com
69,g.aaplimg.com
70,msn.com
71,dsp.mp.microsoft.com
72,clients4.google.com
73,lh3.googleusercontent.com
74,do.dsp.mp.microsoft.com
75,prod.do.dsp.mp.microsoft.com
76,optimizationguide-pa.googleapis.com
77,config.teams.microsoft.com
78,login.live.com
79,www.bing.com
80,outlook.office.com
81,pki.goog
82,dsce9.akamaiedge.net
83,edge.skype.com
84,graph.microsoft.com
85,play.googleapis.com
86,config.edge.skype.com
87,push.apple.com
88,bag.itunes.apple.com
89,www.youtube.com
90,time.apple.com
91,smartscreen.microsoft.com
92,e673.dsce9.akamaiedge.net
93,content-autofill.googleapis.com
94,substrate.office.com
95,app-measurement.com
96,windows.net
97,teams.events.data.microsoft.com
98,delivery.mp.microsoft.com
99,sharepoint.com
100,googlesyndication.com
101,cdn.office.net
102,ytimg.com
103,business.bing.com
104,c.lencr.org
105,i.ytimg.com
106,x1.c.lencr.org
107,time.g.aaplimg.com
108,graph.facebook.com
109,stats.g.doubleclick.net
110,ichnaea.netflix.com
111,ocsp.pki.goog
112,yahoo.com
113,www.facebook.com
114,ecs.office.com
115,windows.com
116,pagead2.googlesyndication.com
117,presence.teams.microsoft.com
118,ocsp2.apple.com
119,roaming.officeapps.live.com
120,weather-data.apple.com
121,mobile.events.data.microsoft.com
122,amazon.com
123,adservice.google.com
124,measure.office.net
125,clients6.google.com
126,fbcdn.net
127,nel.measure.office.net
128,msedge.net
129,ess.apple.com
130,measure.office.com
131,fp.measure.office.com
132,configuration.ls.apple.com
133,cloudflare.com
134,core.windows.net
135,outlook.com
136,apis.google.com
137,itunes-apple.com.akadns.net
138,assets.msn.com
139,storage.live.com
140,blob.core.windows.net
141,apple.com.akadns.net
142,officeclient.microsoft.com
143,gsp-ssl.ls.apple.com
144,iphone-ld.apple.com
145,googleadservices.com
146,amazontrust.com
147,upload.fp.measure.office.com
148,aria.microsoft.com
149,pipe.aria.microsoft.com
150,gvt2.com
151,dl.delivery.mp.microsoft.com
152,tlu.dl.delivery.mp.microsoft.com
153,c10r.facebook.com
154,edge-mqtt.facebook.com
155,tpc.googlesyndication.com
156,opendns.com
157,init.itunes.apple.com
158,www.googleadservices.com
159,api.msn.com
160,azure.com
161,activity.windows.com
162,manage.microsoft.com
163,googlevideo.com
164,docs.google.com
165,smoot.apple.com
166,mesu.apple.com
167,browser.events.data.microsoft.com
168,gcp.gvt2.com
169,ocsp2-lb.apple.com.akadns.net
170,ad.doubleclick.net
171,xx.fbcdn.net
172,beacons.gcp.gvt2.com
173,instagram.com
174,nexusrules.officeapps.live.com
175,scorecardresearch.com
176,gs-loc.apple.com
177,v20.events.data.microsoft.com
178,web.facebook.com
179,res.office365.com
180,browser.pipe.aria.microsoft.com
181,lh5.googleusercontent.com
182,sentry.io
183,sb.scorecardresearch.com
184,ls-apple.com.akadns.net
185,clients2.google.com
186,facebook.net
187,connect.facebook.net
188,mail.google.com
189,signaler-pa.clients6.google.com
190,us-v20.events.data.microsoft.com
191,init.push.apple.com
192,analytics.google.com
193,xp.apple.com
194,r4.res.office365.com
195,msftconnecttest.com
196,update.microsoft.com
197,adnxs.com
198,config.office.net
199,clients.config.office.net
200,sfx.ms
201,oneclient.sfx.ms
202,data-edge.smartscreen.microsoft.com
203,exo.nel.measure.office.net
204,r2m01.amazontrust.com
205,amazon-adsystem.com
206,ggpht.com
207,ocsp.r2m01.amazontrust.com
208,arc.msn.com
209,whatsapp.net
210,enterprise.activity.windows.com
211,securepubads.g.doubleclick.net
212,clients3.google.com
213,fe3cr.delivery.mp.microsoft.com
214,delve.office.com
215,loki.delve.office.com
216,demdex.net
217,www.msftconnecttest.com
218,origin-apple.com.akadns.net
219,b.tlu.dl.delivery.mp.microsoft.com
220,msedge.b.tlu.dl.delivery.mp.microsoft.com
221,ogs.google.com
222,safebrowsing.apple
223,yt3.ggpht.com
224,g.live.com
225,gdmf.apple.com
226,googletagservices.com
227,www.googletagservices.com
228,guzzoni.apple.com
229,gateway.facebook.com
230,addons-pa.clients6.google.com
231,nr-data.net
232,clients.google.com
233,android.clients.google.com
234,beacons.gvt2.com
235,ntp.org
236,pool.ntp.org
237,star.c10r.facebook.com
238,us-mobile.events.data.microsoft.com
239,init-cdn.itunes-apple.com.akadns.net
240,cloudapp.azure.com
241,mask.icloud.com
242,odc.officeapps.live.com
243,gsp85-ssl.ls.apple.com
244,wd.microsoft.com
245,history.google.com
246,cp.wd.microsoft.com
247,safebrowsing.google.com
248,v.aaplimg.com
249,dpm.demdex.net
250,firebaselogging-pa.googleapis.com
251,asyncgw.teams.microsoft.com
252,teams.cdn.office.net
253,statics.teams.cdn.office.net
254,cdn-apple.com
255,android.googleapis.com
256,r2m02.amazontrust.com
257,ocsp.r2m02.amazontrust.com
258,graph.instagram.com
259,elb.amazonaws.com
260,youtubei.googleapis.com
261,azureedge.net
262,trafficmanager.net
263,jnn-pa.googleapis.com
264,doh.opendns.com
265,metrics.icloud.com
266,dscw154.akamai.net
267,cdnjs.cloudflare.com
268,cm.g.doubleclick.net
269,adsrvr.org
270,mzstatic.com
271,snapchat.com
272,fastly.net
273,rubiconproject.com
274,l.google.com
275,gvt1.com
276,play-fe.googleapis.com
277,ib.adnxs.com
278,asm.skype.com
279,api.amazon.com
280,pubmatic.com
281,play.itunes.apple.com
282,th.bing.com
283,nrdp52-appboot.netflix.com
284,bam.nr-data.net
285,init.ess.apple.com
286,linkedin.com
287,c.bing.com
288,e10499.dsce9.akamaiedge.net
289,ping-edge.smartscreen.microsoft.com
290,dscx.akamaiedge.net
291,www.microsoft.com
292,entrust.net
293,proxy.safebrowsing.apple
294,adobe.com
295,id.google.com
296,geo.prod.do.dsp.mp.microsoft.com
297,ocsp.entrust.net
298,us-prod.asyncgw.teams.microsoft.com
299,criteo.com
300,i.instagram.com
301,osi.office.net
302,tiktokv.com
303,www.apple.com
304,mqtt.c10r.facebook.com
305,msftncsi.com
306,weather.microsoft.com
307,g.whatsapp.net
308,launchdarkly.com
309,analytics.yahoo.com
310,casalemedia.com
311,2mdn.net
312,ade.googlesyndication.com
313,protection.outlook.com
314,ingest.sentry.io
315,cdp.microsoft.com
316,api.cdp.microsoft.com
317,msedge.api.cdp.microsoft.com
318,img-s-msn-com.akamaized.net
319,o.lencr.org
320,go.microsoft.com
321,static.doubleclick.net
322,lh3.google.com
323,gspe79-ssl.ls.apple.com
324,r3.o.lencr.org
325,rlcdn.com
326,twitter.com
327,spotify.com
328,notifications-pa.googleapis.com
329,oauthaccountmanager.googleapis.com
330,s0.2mdn.net
331,us-api.asm.skype.com
332,nflxso.net
333,1.nflxso.net
334,scontent.xx.fbcdn.net
335,fallback.c10r.facebook.com
336,tile-service.weather.microsoft.com
337,beacons2.gvt2.com
338,3lift.com
339,star.fallback.c10r.facebook.com
340,s.amazon-adsystem.com
341,dns.msftncsi.com
342,safeframe.googlesyndication.com
343,bidswitch.net
344,accounts.youtube.com
345,openx.net
346,nleditor.osi.office.net
347,kt-prod.ess.apple.com
348,c.amazon-adsystem.com
349,icloud-content.com
350,dgw.c10r.facebook.com
351,checkappexec.microsoft.com
352,flightproxy.teams.microsoft.com
353,me.gvt1.com
354,edgedl.me.gvt1.com
355,adobe.io
356,apple.news
357,c.apple.news
358,licensing.mp.microsoft.com
359,beacons3.gvt2.com
360,init-p01md.apple.com
361,ups.analytics.yahoo.com
362,gmail.com
363,beacons4.gvt2.com
364,appsflyer.com
365,jsdelivr.net
366,cdn.jsdelivr.net
367,gspe35-ssl.ls.apple.com
368,googleads4.g.doubleclick.net
369,newrelic.com
370,mask.apple-dns.net
371,ampproject.org
372,play-lh.googleusercontent.com
373,apps.apple.com
374,unitedstates.cp.wd.microsoft.com
375,cdn.ampproject.org
376,phicdn.net
377,people-pa.googleapis.com
378,autodiscover-s.outlook.com
379,smp-device-content.apple.com
380,ocws.officeapps.live.com
381,us-v10c.events.data.microsoft.com
382,crashlytics.com
383,api.snapchat.com
384,a2z.com
385,msg.teams.microsoft.com
386,ng.msg.teams.microsoft.com
387,us-west-2.amazonaws.com
388,tiktokcdn.com
389,gsp64-ssl.ls.apple.com
390,cdninstagram.com
391,x.bidswitch.net
392,configuration.apple.com
393,slscr.update.microsoft.com
394,taboola.com
395,pancake.apple.com
396,peoplestackwebexperiments-pa.clients6.google.com
397,pubads.g.doubleclick.net
398,inappcheck.itunes.apple.com
399,match.adsrvr.org
400,api.smoot.apple.com
401,licdn.com
402,peoplestack-pa.clients6.google.com
403,drive.google.com
404,firebaseremoteconfig.googleapis.com
405,ocsp2.g.aaplimg.com
406,pixel.rubiconproject.com
407,adsafeprotected.com
408,cookielaw.org
409,cdn.cookielaw.org
410,mesu-cdn.origin-apple.com.akadns.net
411,dataservice.protection.outlook.com
412,doubleverify.com
413,suite.office.com
414,webshell.suite.office.com
415,ajax.googleapis.com
416,cdn.whatsapp.net
417,ms-acdc.office.com
418,nelreports.net
419,wg.spotify.com
420,gsp-ssl.ls-apple.com.akadns.net
421,spclient.wg.spotify.com
422,aax.amazon-adsystem.com
423,aa.google.com
424,safesearch.googleapis.com
425,smartadserver.com
426,firebase-settings.crashlytics.com
427,augloop.office.com
428,api.flightproxy.teams.microsoft.com
429,maps.googleapis.com
430,apps.mzstatic.com
431,imap.gmail.com
432,bat.bing.com
433,aa-rt.sharepoint.com
434,us.tiktokv.com
435,secure.netflix.com
436,moatads.com
437,storage.googleapis.com
438,evoke-windowsservices-tas.msedge.net
439,id5-sync.com
440,trouter.teams.microsoft.com
441,ybp.yahoo.com
442,m.google.com
443,nel.cloudflare.com
444,a.nel.cloudflare.com
445,agkn.com
446,amer.ng.msg.teams.microsoft.com
447,tapad.com
448,idsync.rlcdn.com
449,fpc.msedge.net
450,adobedtm.com
451,eb2.3lift.com
452,gum.criteo.com
453,assets.adobedtm.com
454,public.cdn.office.net
455,ads.linkedin.com
456,download.windowsupdate.com
457,criteo.net
458,appcenter.ms
459,inbox.google.com
460,virtualearth.net
461,devices.a2z.com
462,fcmconnection.googleapis.com
463,tools.google.com
464,bluekai.com
465,umbrella.com
466,fe2cr.update.microsoft.com
467,dev.virtualearth.net
468,fbs.smoot.apple.com
469,ow1.res.office365.com
470,media.net
471,px.ads.linkedin.com
472,cc-api-data.adobe.io
473,nam.loki.delve.office.com
474,unitedstates.smartscreen.microsoft.com
475,in.appcenter.ms
476,guzzoni-apple-com.v.aaplimg.com
477,firebaseinstallations.googleapis.com
478,eastus.cloudapp.azure.com
479,gateway.instagram.com
480,acdc-direct.office.com
481,gs-loc-new.ls-apple.com.akadns.net
482,doh.umbrella.com
483,me.apple-dns.net
484,s3-w.us-east-1.amazonaws.com
485,launches.appsflyer.com
486,gcp.api.snapchat.com
487,crwdcntrl.net
488,r.bing.com
489,dscg.akamaiedge.net
490,everesttech.net
491,s3-1-w.amazonaws.com
492,sectigo.com
493,imasdk.googleapis.com
494,amp-api-edge.apps.apple.com
495,dns.opendns.com
496,quantserve.com
497,dns.apple.com
498,clients1.google.com
499,doh.dns.apple.com
500,ssl.google-analytics.com
501,media-amazon.com
502,token.safebrowsing.apple
503,adform.net
504,aws.api.snapchat.com
505,js-agent.newrelic.com
506,nav-edge.smartscreen.microsoft.com
507,contacts.google.com
508,cisco.com
509,dns.umbrella.com
510,xy.fbcdn.net
511,z-p42-chat-e2ee-ig.facebook.com
512,secure.adnxs.com
513,res-h3.public.cdn.office.net
514,dds.microsoft.com
515,lh6.googleusercontent.com
516,fna.fbcdn.net
517,cdn.doubleverify.com
518,lh4.googleusercontent.com
519,braze.com
520,c10r.instagram.com
521,pr-bh.ybp.yahoo.com
522,sharethrough.com
523,config.fp.measure.office.com
524,pinterest.com
525,res.cdn.office.net
526,tiktokcdn-us.com
527,spo-ring.msedge.net
528,zemanta.com
529,lijit.com
530,news-edge.apple.com
531,m.media-amazon.com
532,fls.doubleclick.net
533,sc-cdn.net
534,outbrain.com
535,rapid7.com
536,tps.doubleverify.com
537,ssum-sec.casalemedia.com
538,instagram.c10r.instagram.com
539,mrodevicemgr.officeapps.live.com
540,comm-main.ess.apple.com
541,ingress.rapid7.com
542,endpoint.ingress.rapid7.com
543,aws-proxy-gcp.api.snapchat.com
544,typekit.net
545,atm-fp-direct.office.com
546,cloudflare.net
547,dotomi.com
548,cdn.cloudflare.net
549,pixel.tapad.com
550,res-1.cdn.office.net
551,pendo.io
552,verisign.com
553,us-u.openx.net
554,comm-cohort.ess.apple.com
555,global.aa-rt.sharepoint.com
556,gr.global.aa-rt.sharepoint.com
557,android.com
558,waconatm.officeapps.live.com
559,fastlane.rubiconproject.com
560,westus.cloudapp.azure.com
561,waconafd.officeapps.live.com
562,cf-st.sc-cdn.net
563,use.typekit.net
564,omtrdc.net
565,gs-loc.ls-apple.com.akadns.net
566,us-east1-aws.api.snapchat.com
567,xz.fbcdn.net
568,mask-api.icloud.com
569,chat-e2ee.facebook.com
570,hbopenbid.pubmatic.com
571,gspe1-ssl.ls.apple.com
572,trafficshaping.dsp.mp.microsoft.com
573,tsfe.trafficshaping.dsp.mp.microsoft.com
574,px.moatads.com
575,captive.apple.com
576,app-analytics-v2.snapchat.com
577,android.apis.google.com
578,lcdn-locator.apple.com
579,c.msn.com
580,xp.itunes-apple.com.akadns.net
581,lb-apple.com.akadns.net
582,e2ro.com
583,graph-next.fp.measure.office.com
584,www.amazon.com
585,live.net
586,onetrust.com
587,x2.c.lencr.org
588,us-central1-gcp.api.snapchat.com
589,ads.pubmatic.com
590,e6858.dscx.akamaiedge.net
591,branch.io
592,t.co
593,cs.dds.microsoft.com
594,oauth2.googleapis.com
595,espresso-pa.clients6.google.com
596,liadm.com
597,courier-push-apple.com.akadns.net
598,com.edgekey.net
599,r.manage.microsoft.com
600,dt.adsafeprotected.com
601,contextweb.com
602,stickyadstv.com
603,360yield.com
604,time.android.com
605,go-mpulse.net
606,crl.verisign.com
607,wpc.phicdn.net
608,chromereporting-pa.googleapis.com
609,g.akamaiedge.net
610,bidr.io
611,stocks-data-service.apple.com
612,clientstream.launchdarkly.com
613,engagement.office.com
614,messaging.engagement.office.com
615,prod.bidr.io
616,fp2e7a.wpc.phicdn.net
617,bugsnag.com
618,msftauth.net
619,chat.cdn.whatsapp.net
620,tiktok.com
621,api-global.netflix.com
622,creativecdn.com
623,drivefrontend-pa.googleapis.com
624,calendar.google.com
625,eu.tiktokcdn.com
626,fcdn.eu.tiktokcdn.com
627,swallow.apple.com
628,centralus.cloudapp.azure.com
629,mqtt-mini.facebook.com
630,b1sync.zemanta.com
631,ads.stickyadstv.com
632,push-apple.com.akadns.net
633,yimg.com
634,iphone-ld.origin-apple.com.akadns.net
635,nexus.officeapps.live.com
636,aa.agkn.com
637,s.yimg.com
638,tr-ssc-mira.office.com
639,ttlivecdn.com
640,fcdn.us.tiktokv.com
641,windows.msn.com
642,people-pa.clients6.google.com
643,star-mini.c10r.facebook.com
644,com.cdn.cloudflare.net
645,1rx.io
646,bh.contextweb.com
647,setup.icloud.com
648,pinimg.com
649,match.sharethrough.com
650,mobile.launchdarkly.com
651,acdn.adnxs.com
652,valid.apple.com
653,app.snapchat.com
654,htlb.casalemedia.com
655,node.e2ro.com
656,onedrive.live.com
657,www.msn.com
658,s.youtube.com
659,tlx.3lift.com
660,passwordsleakcheck-pa.googleapis.com
661,k2r2.com
662,m.k2r2.com
663,match.prod.bidr.io
664,chat.google.com
665,dsct.akamaiedge.net
666,geller-pa.googleapis.com
667,ocsp.sectigo.com
668,wns.windows.com
669,sync.1rx.io
670,c.go-mpulse.net
671,krxd.net
672,e17437.dsct.akamaiedge.net
673,gspe19-ssl.ls.apple.com
674,safebrowsing-proxy.g.aaplimg.com
675,static.criteo.net
676,ntp.msn.com
677,static.adsafeprotected.com
678,api2.branch.io
679,ci3.googleusercontent.com
680,m365cdn.nel.measure.office.net
681,z.moatads.com
682,fs.microsoft.com
683,stags.bluekai.com
684,tm-4.office.com
685,indexww.com
686,gsas.apple.com
687,insight.adsrvr.org
688,teads.tv
689,us.tiktokcdn.com
690,fcdn.us.tiktokcdn.com
691,eus.rubiconproject.com
692,skydrive.wns.windows.com
693,elb.us-east-1.amazonaws.com
694,dscb.akamaiedge.net
695,token.rubiconproject.com
696,gsp10-ssl.apple.com
697,uci.cdn.office.net
698,content.office.net
699,globalsign.com
700,support.content.office.net
701,turn.com
702,iadsdk.apple.com
703,chat-e2ee-mini.facebook.com
704,pull-f5-tt03.tiktokcdn.com
705,iris.microsoft.com
706,api.iris.microsoft.com
707,geolocation.onetrust.com
708,pull-w5-sg01.tiktokcdn.com
709,pull-q5-va01.tiktokcdn.com
710,pull-q5-sg01.tiktokcdn.com
711,c1.adform.net
712,mesu.g.aaplimg.com
713,pull-f5-tt01.tiktokcdn.com
714,grammarly.com
715,cl3.apple.com
716,33across.com
717,2be4.phicdn.net
718,wpc.2be4.phicdn.net
719,dis.criteo.com
720,fontawesome.com
721,pull-cmaf-f16-va01.tiktokcdn.com
722,dsum-sec.casalemedia.com
723,fp2e7a.wpc.2be4.phicdn.net
724,pull-a5-va01.tiktokcdn.com
725,www.linkedin.com
726,mozilla.com
727,stackadapt.com
728,b-graph.facebook.com
729,pull-f5-va01.tiktokcdn.com
730,pull-f5-sg01.fcdn.eu.tiktokcdn.com
731,push-rtmp-f5-tt03.fcdn.eu.tiktokcdn.com
732,pull-cmaf-f16-gcp01.ttlivecdn.com
733,srv.stackadapt.com
734,services.mozilla.com
735,optimizely.com
736,pull-cmaf-f16-tt03.fcdn.eu.tiktokcdn.com
737,pull-o5-va01.tiktokcdn.com
738,aad.cs.dds.microsoft.com
739,pull-f5-va01.ttlivecdn.com
740,pull-cmaf-f16-tt03.fcdn.us.tiktokcdn.com
741,pull-cmaf-f16-sg01.tiktokcdn.com
742,pull-hls-l77-gcp01.tiktokcdn.com
743,pull-f5-gcp01.tiktokcdn.com
744,pull-cmaf-f16-tt02.tiktokcdn.com
745,visualstudio.com
746,android-context-data.googleapis.com
747,pull-cmaf-l77-gcp01.tiktokcdn.com
748,pull-hls-f77-sg01.tiktokcdn.com
749,pull-cmaf-f77-sg01.tiktokcdn.com
750,a1806.dscw154.akamai.net
751,pull-cmaf-f77-va01.tiktokcdn.com
752,pull-cmaf-l10-sg01.tiktokcdn.com
753,pull-o5-gcp01.tiktokcdn.com
754,pull-c5-va01.tiktokcdn.com
755,pull-flv-l10-sg01.tiktokcdn.com
756,pull-f5-tt02.fcdn.eu.tiktokcdn.com
757,pull-f5-tt03.fcdn.eu.tiktokcdn.com
758,pull-cmaf-f16-tt02.fcdn.us.tiktokv.com
759,pull-cmaf-l77-va01.tiktokcdn.com
760,pull-f5-tt01.fcdn.eu.tiktokcdn.com
761,pull-flv-l10-va01.tiktokcdn.com
762,pull-flv-f77-gcp01.tiktokcdn.com
763,pull-hls-f77-va01.tiktokcdn.com
764,grammarly.io
765,pull-a5-gcp01.tiktokcdn.com
766,redirector.googlevideo.com
767,pull-c5-gcp01.tiktokcdn.com
768,pull-cmaf-l16-gcp01.tiktokcdn.com
769,pull-flv-f61-va01.tiktokcdn.com
770,pull-cmaf-f77-gcp01.tiktokcdn.com
771,pull-f5-sg01.ttlivecdn.com
772,pull-hls-l77-va01.tiktokcdn.com
773,pull-o5-sg01.tiktokcdn.com
774,msidentity.com
775,pull-cmaf-f16-tt03.tiktokcdn.com
776,pull-flv-l16-gcp01.tiktokcdn.com
777,pull-w5-va01.tiktokcdn.com
778,mb.moatads.com
779,pull-f5-va01.fcdn.eu.tiktokcdn.com
780,pull-w5-gcp01.tiktokcdn.com
781,pull-cmaf-f16-sg01.ttlivecdn.com
782,pull-flv-f77-tt02-tt03.fcdn.eu.tiktokcdn.com
783,pull-flv-l77-va01.tiktokcdn.com
784,pull-flv-f77-tt03.fcdn.eu.tiktokcdn.com
785,pull-flv-f77-tt02.fcdn.us.tiktokv.com
786,pull-flv-f77-tt03.tiktokcdn.com
787,pull-cmaf-f16-tt02-tt03.fcdn.eu.tiktokcdn.com
788,pull-flv-f77-sg01.tiktokcdn.com
789,devicelistenerprod.microsoft.com
790,pull-flv-f77-va01.tiktokcdn.com
791,pull-f5-gcp01.ttlivecdn.com
792,pull-cmaf-l10-gcp01.tiktokcdn.com
793,pull-f5-vr-va01.tiktokcdn.com
794,pull-f5-vr-sg01.tiktokcdn.com
795,pull-f5-vr-gcp01.tiktokcdn.com
796,pull-cmaf-f16-va01.ttlivecdn.com
797,pull-cmaf-l16-sg01.tiktokcdn.com
798,kv601.prod.do.dsp.mp.microsoft.com
799,pull-flv-f77-tt01.fcdn.us.tiktokv.com
800,sitescout.com
801,i.liadm.com
802,pull-a5-sg01.tiktokcdn.com
803,pull-flv-f77-tt03.fcdn.us.tiktokcdn.com
804,pull-cmaf-l16-tt01.tiktokcdn-us.com
805,pull-flv-f77-tt02.tiktokcdn.com
806,pull-cmaf-l16-va01.tiktokcdn.com
807,pull-cmaf-f16-tt01.tiktokcdn.com
808,tags.bluekai.com
809,pull-flv-l77-gcp01.tiktokcdn.com
810,pull-flv-l16-va01.tiktokcdn.com
811,trc.taboola.com
812,pull-hls-f77-gcp01.tiktokcdn.com
813,pull-flv-l16-sg01.tiktokcdn.com
814,global.fastly.net
815,a1818.dscw154.akamai.net
816,a.akamaiedge.net
817,pull-q5-gcp01.tiktokcdn.com
818,pull-flv-l10-gcp01.tiktokcdn.com
819,smaato.net
820,mixpanel.com
821,p.typekit.net
822,mask-h2.icloud.com
823,pull-a5-tt02-infra.fcdn.us.tiktokv.com
824,tremorhub.com
825,1-courier.push.apple.com
826,pull-cmaf-f16-tt01.fcdn.us.tiktokv.com
827,contextual.media.net
828,api.endpoint.ingress.rapid7.com
829,yieldmo.com
830,ap.lijit.com
831,pull-f5-sg01.tiktokcdn.com
832,trustarc.com
833,analytics.tiktok.com
834,femetrics.grammarly.io
835,u.openx.net
836,ooc-g2.tm-4.office.com
837,webex.com
838,pull-f5-tt02.tiktokcdn.com
839,beacon.krxd.net
840,rtb-csync.smartadserver.com
841,meraki.com
842,us-east4-gcp.api.snapchat.com
843,amplitude.com
844,musicstatus.itunes.apple.com
845,pull-cmaf-f16-gcp01.tiktokcdn.com
846,cdn.optimizely.com
847,image8.pubmatic.com
848,js-sec.indexww.com
849,ad.smaato.net
850,bootstrapcdn.com
851,app-site-association.cdn-apple.com
852,winatp-gw-eus.microsoft.com
853,ads.yieldmo.com
854,chat-e2ee.c10r.facebook.com
855,iad-01.braze.com
856,ad.360yield.com
857,dns.google
858,duplex.snapchat.com
859,aws.duplex.snapchat.com
860,800820.net
861,csp.withgoogle.com
862,sdk.iad-01.braze.com
863,www.800820.net
864,myanalytics.cdn.office.net
865,gsa.apple.com
866,agave.myanalytics.cdn.office.net
867,uiboot.netflix.com
868,hicloud.com
869,stocks-data-service.lb-apple.com.akadns.net
870,contacts.fe.apple-dns.net
871,pixel.adsafeprotected.com
872,cl2.apple.com
873,hotjar.com
874,cdn.id5-sync.com
875,pixel-sync.sitescout.com
876,dsca.akamaiedge.net
877,d.agkn.com
878,srtb.msn.com
879,data.msn.com
880,sentinelone.net
881,events.data.msn.com
882,browser.events.data.msn.com
883,static.xx.fbcdn.net
884,wbx2.com
885,ecn.dev.virtualearth.net
886,ssl-images-amazon.com
887,bidder.criteo.com
888,crl3.digicert.com
889,services.visualstudio.com
890,rtb0.doubleverify.com
891,minerva.devices.a2z.com
892,service.minerva.devices.a2z.com
893,prod.service.minerva.devices.a2z.com
894,us-east-1.prod.service.minerva.devices.a2z.com
895,dc.services.visualstudio.com
896,s.ad.smaato.net
897,imrworldwide.com
898,clarity.ms
899,onetag-sys.com
900,ecn-us.dev.virtualearth.net
901,spectrum.s3.amazonaws.com
902,ci5.googleusercontent.com
903,sync.srv.stackadapt.com
904,static.hotjar.com
905,w55c.net
906,ci6.googleusercontent.com
907,bid.g.doubleclick.net
908,sync-tm.everesttech.net
909,storequality.microsoft.com
910,storecatalogrevocation.storequality.microsoft.com
911,analytics.twitter.com
912,inmobi.com
913,userlocation.googleapis.com
914,ci4.googleusercontent.com
915,rtb.openx.net
916,jquery.com
917,code.jquery.com
918,ads-twitter.com
919,static.ads-twitter.com
920,apple-cloudkit.com
921,rfihub.com
922,client-api.itunes.apple.com
923,zoom.us
924,spotxchange.com
925,search.spotxchange.com
926,namequery.com
927,pd.itunes.apple.com
928,ct.pinterest.com
929,image6.pubmatic.com
930,a-msedge.net
931,api.apple-cloudkit.com
932,fbsbx.com
933,id.rlcdn.com
934,apresolve.spotify.com
935,accountcapabilities-pa.googleapis.com
936,p16-sign-va.tiktokcdn.com
937,pki-goog.l.google.com
938,simpli.fi
939,images-na.ssl-images-amazon.com
940,ssbsync.smartadserver.com
941,sync.search.spotxchange.com
942,dscgi3.akamai.net
943,usertrust.com
944,yahoodns.net
945,azurefd.net
946,query.yahoo.com
947,drivefrontend-pa.clients6.google.com
948,kv501.prod.do.dsp.mp.microsoft.com
949,twimg.com
950,main.endpoint.ingress.rapid7.com
951,a1931.dscgi3.akamai.net
952,3gppnetwork.org
953,pub.3gppnetwork.org
954,sessions.bugsnag.com
955,us.criteo.net
956,us.main.endpoint.ingress.rapid7.com
957,amazon.dev
958,ipcdn.apple.com
959,data.pendo.io
960,b.akamaiedge.net
961,cms.quantserve.com
962,cl4.apple.com
963,reddit.com
964,bootstrap.endpoint.ingress.rapid7.com
965,bcp.crwdcntrl.net
966,msh.amazon.com
967,s.pinimg.com
968,mail.yahoo.com
969,pippio.com
970,truste.com
971,mso.msidentity.com
972,tags.crwdcntrl.net
973,login.mso.msidentity.com
974,fmfmobile.fe.apple-dns.net
975,treatment.grammarly.com
976,amp-api-edge-lb.itunes-apple.com.akadns.net
977,svc.ms
978,sonobi.com
979,go.sonobi.com
980,com.trafficmanager.net
981,peoplestack-pa.googleapis.com
982,com.edgesuite.net
983,sync.outbrain.com
984,p.rfihub.com
985,me.com
986,simage2.pubmatic.com
987,flashtalking.com
988,mail.me.com
989,tenable.com
990,deff.nelreports.net
991,cloud.tenable.com
992,identrust.com
993,prebid-server.rubiconproject.com
994,store.microsoft.com
995,pti.store.microsoft.com
996,applovin.com
997,e3528.dscg.akamaiedge.net
998,sc-gw.com
999,lookaside.facebook.com
1000,unrulymedia.com